table,indoor,chair,floor,room,living,restaurant,coffee table,kitchen & dining room table,ceiling,A32A28,White,White
indoor,floor,table,kitchen & dining room table,coffee table,chair,room,living,desk,restaurant,99A625,Black,Black
table,indoor,restaurant,floor,ceiling,kitchen & dining room table,bar,coffee table,chair,room,12406C,Black,Brown
floor,table,indoor,room,kitchen & dining room table,ceiling,chair,cafe,coffee table,desk,A49527,Black,Brown
indoor,floor,table,chair,ceiling,kitchen & dining room table,coffee table,room,desk,building,986B33,Grey,White
floor,indoor,table,room,window,ceiling,kitchen & dining room table,chair,desk,coffee table,986233,Brown,Brown
table,chair,window,coffee table,interior,kitchen & dining room table,house,houseplant,vase,building,6C4837,White,White
table,chair,floor,indoor,coffee table,kitchen & dining room table,house,home,vase,window,90623B,Grey,Grey
furniture,table,chair,desk,indoor,laptop,window,coffee table,computer,kitchen & dining room table,986133,Brown,White
table,indoor,window,houseplant,chair,ceiling,furniture,design,vase,interior,436122,Grey,Grey
table,chair,indoor,houseplant,coffee table,vase,kitchen & dining room table,flowerpot,interior,shelf,AD321E,Brown,White
indoor,floor,ceiling,room,table,restaurant,kitchen & dining room table,chair,cafe,wooden,AE881D,Black,White
table,furniture,indoor,text,shelf,window,floor,cabinetry,restaurant,library,976334,Brown,Grey
table,furniture,indoor,person,food,restaurant,bottle,clothing,desk,text,7D654E,Grey,Black
furniture,table,indoor,chair,bottle,kitchen & dining room table,ceiling,cafe,text,coffee table,995D32,Black,Brown
table,chair,floor,indoor,text,desk,kitchen & dining room table,coffee table,restaurant,ceiling,B63915,Brown,Brown
indoor,person,table,ceiling,clothing,furniture,people,man,chair,tableware,975E34,Brown,White
table,floor,indoor,building,chair,window,coffee table,kitchen & dining room table,interior,houseplant,78430E,Brown,Black
indoor,chair,floor,table,houseplant,ceiling,room,coffee table,vase,flowerpot,6C4122,Brown,White
ceiling,indoor,floor,restaurant,menu,fast food,text,store,food,shop,987433,Black,Black
indoor,table,wall,furniture,shelf,bottle,person,sink,text,kitchen,8A7241,Grey,White
indoor,floor,window,chair,living,table,room,house,building,porch,868E3D,White,White
indoor,bathroom,window,sink,chair,bathtub,coffee table,table,mirror,green,837448,Black,Black
indoor,table,house,cabinetry,design,countertop,shelf,ceiling,interior,coffee table,9B6630,Grey,Grey
bottle,restaurant,indoor,furniture,menu,food,cafe,drink,drinking establishment,text,9D602E,Black,Grey
indoor,ceiling,furniture,kitchen,table,chair,floor,kitchen & dining room table,restaurant,counter,8E723D,Black,Grey
living,indoor,room,table,text,desk,design,restaurant,chair,interior,8F753C,Black,Grey
furniture,ceiling,indoor,table,chair,person,floor,desk,kitchen & dining room table,coffee table,9C6B2F,Black,White
indoor,kitchen,person,furniture,preparing,ceiling,desk,clothing,counter,working,9D522E,White,White
floor,indoor,table,window,room,chair,living,coffee table,kitchen & dining room table,person,66452A,White,White
floor,table,chair,indoor,kitchen & dining room table,cafe,room,restaurant,ceiling,living,9F682C,Black,White
indoor,furniture,menu,text,bottle,cafe,food,fast food,countertop,kitchen & dining room table,A46E27,Brown,Brown
indoor,ceiling,furniture,window,person,building,bar,clothing,man,chair,A1822A,Black,Brown
indoor,table,chair,floor,kitchen & dining room table,interior,coffee table,room,desk,living,856D46,White,White
table,indoor,coffee table,couch,floor,chair,living,house,room,vase,B04619,White,White
indoor,table,restaurant,floor,kitchen & dining room table,ceiling,room,chair,cafe,desk,9F662C,Brown,White
wall,vase,indoor,houseplant,flower,table,flowerpot,interior,design,mirror,956336,White,White
houseplant,vase,floor,table,living,flowerpot,chair,indoor,house,window,614B27,White,White
indoor,couch,chair,coffee table,design,table,studio couch,interior,modern,sofa bed,AE5D1D,Grey,Black
indoor,furniture,floor,ceiling,table,kitchen & dining room table,restaurant,chair,bottle,text,643A0F,Black,Black
floor,furniture,table,chair,kitchen & dining room table,indoor,coffee table,design,interior,desk,447287,Grey,White
indoor,table,floor,desk,chair,person,room,ceiling,clothing,kitchen & dining room table,957A36,Grey,White
table,chair,coffee table,interior,design,kitchen & dining room table,modern,window,accommodation,hotel,66462A,Grey,Grey
furniture,table,indoor,kitchen & dining room table,chair,cafe,bar,text,coffee table,menu,996D32,Brown,Brown
table,furniture,restaurant,kitchen & dining room table,chair,coffee table,bar,cafe,design,stool,4C5D2C,Black,Black
indoor,menu,text,bottle,ceiling,table,cafe,furniture,food,shop,9C6930,Brown,Brown
indoor,table,floor,furniture,computer,ceiling,laptop,person,chair,room,986133,Black,Black
table,chair,floor,coffee table,kitchen & dining room table,indoor,vase,design,interior,modern,476328,White,Grey
indoor,floor,wall,table,kitchen,chair,interior,desk,cabinetry,design,9E572D,White,White
indoor,table,floor,chair,ceiling,shelf,text,interior,room,kitchen & dining room table,9D612E,Brown,Brown
table,floor,chair,indoor,window,coffee table,house,desk,vase,kitchen & dining room table,69462F,White,White
indoor,table,floor,ceiling,kitchen & dining room table,desk,chair,coffee table,room,restaurant,31679A,Black,Grey
table,indoor,flower,chair,vase,kitchen & dining room table,houseplant,ceiling,coffee table,flowerpot,956B36,Black,White
furniture,table,outdoor,houseplant,coffee table,building,house,chair,kitchen & dining room table,flowerpot,7D634E,Grey,Grey
chair,table,kitchen & dining room table,floor,dining,coffee table,indoor,ceiling,bar,room,916C3A,Black,Black
indoor,wall,table,chair,floor,kitchen & dining room table,living,room,coffee table,interior,9A6631,Brown,Brown
indoor,table,ceiling,chair,wall,kitchen & dining room table,floor,room,vase,coffee table,B54916,Brown,Brown
vase,chair,table,couch,coffee table,houseplant,interior,indoor,house,flowerpot,684123,Brown,White
person,table,indoor,furniture,people,group,chair,desk,computer,cafe,9E6D2D,Black,Black
table,furniture,indoor,chair,vase,ceiling,kitchen & dining room table,coffee table,restaurant,house,946A37,Grey,Black
indoor,table,floor,chair,design,text,kitchen & dining room table,vase,coffee table,room,654628,White,White
floor,indoor,table,chair,room,kitchen & dining room table,ceiling,design,interior,coffee table,966435,Brown,White
furniture,table,chair,coffee table,kitchen & dining room table,indoor,restaurant,vase,desk,cabinetry,896542,White,Grey
indoor,floor,room,table,living,chair,vase,coffee table,furniture,kitchen & dining room table,674638,White,White
indoor,table,window,floor,kitchen & dining room table,room,vase,house,coffee table,houseplant,61442A,Grey,Grey
floor,indoor,chair,table,window,room,living,desk,house,furniture,6D3734,Grey,White
table,indoor,chair,floor,window,person,coffee table,clothing,desk,woman,9A6331,White,White
indoor,floor,ceiling,furniture,table,chair,menu,kitchen & dining room table,bar,fast food,996332,Black,Black
indoor,ceiling,design,interior,floor,wall,table,home,sink,cabinetry,997432,Grey,Grey
indoor,table,furniture,floor,kitchen & dining room table,bar,chair,ceiling,cafe,dining,B87413,Black,Brown
indoor,table,vase,houseplant,floor,chair,coffee table,house,flowerpot,couch,956836,White,White
table,indoor,floor,window,room,chair,living,kitchen & dining room table,coffee table,house,90593B,Black,Black
floor,furniture,indoor,table,chair,kitchen & dining room table,kitchen,cafe,ceiling,coffee table,946937,Grey,Grey
wall,furniture,indoor,coffee table,design,floor,chair,kitchen & dining room table,interior,kitchen,714119,White,White
floor,indoor,table,design,chair,whiteboard,desk,kitchen & dining room table,interior,coffee table,887143,White,White
indoor,furniture,table,floor,chair,kitchen & dining room table,window,ceiling,room,person,6D4130,Brown,Grey
furniture,chair,table,indoor,interior,stool,coffee table,kitchen & dining room table,desk,whiteboard,5F483F,Grey,Grey
indoor,floor,table,ceiling,design,wall,kitchen,desk,cabinetry,restaurant,946537,Grey,Grey
grass,outdoor,chair,table,furniture,lawn,kitchen & dining room table,coffee table,building,shade,4A6427,Green,White
furniture,indoor,table,floor,text,kitchen & dining room table,bookcase,ceiling,book,room,654127,Brown,White
building,footwear,clothing,person,outdoor,road,skating,jeans,man,trousers,B1981A,Grey,Black
wall,indoor,table,restaurant,fast food,furniture,clothing,person,menu,food,684025,Black,Brown
furniture,table,indoor,floor,ceiling,restaurant,chair,kitchen & dining room table,coffee table,building,1C376D,Brown,Black
indoor,wall,floor,sink,ceiling,countertop,interior,cabinetry,design,table,7F664C,White,White
table,floor,chair,indoor,kitchen & dining room table,ceiling,window,coffee table,restaurant,room,9D662E,Black,White
table,furniture,floor,kitchen & dining room table,coffee table,desk,design,chair,interior,cafe,8A6C41,Grey,White
curtain,indoor,chair,floor,table,coffee table,interior,room,design,vase,595046,White,Grey
table,vase,floor,coffee table,kitchen & dining room table,house,room,indoor,chair,curtain,A97922,Black,Black
indoor,cabinetry,countertop,kitchen,table,sink,text,shelf,kitchen appliance,house,AA5D21,White,Brown
furniture,table,floor,kitchen & dining room table,coffee table,indoor,chair,countertop,window,vase,63493C,Grey,Grey
floor,table,indoor,chair,kitchen & dining room table,wall,coffee table,text,ceiling,room,9B6C30,Black,Grey
furniture,table,chair,indoor,floor,kitchen & dining room table,coffee table,house,desk,person,495E13,White,White
vase,table,furniture,house,tableware,mirror,coffee table,design,houseplant,interior,A46827,White,White
indoor,floor,wall,person,clothing,ceiling,table,room,fast food,text,AC751F,Black,Grey
table,chair,kitchen & dining room table,coffee table,indoor,house,vase,cabinetry,bottle,interior,205F74,Black,Grey
indoor,kitchen appliance,countertop,home appliance,sink,bottle,cabinetry,restaurant,cafe,coffee,836A48,Grey,Black
floor,indoor,chair,kitchen & dining room table,table,room,coffee table,ceiling,cafe,kitchen,966635,Grey,Grey
floor,table,window,kitchen & dining room table,indoor,coffee table,vase,room,chair,interior,976434,White,White
chair,floor,table,indoor,room,kitchen & dining room table,house,coffee table,living,interior,763A2C,Black,Green
floor,table,kitchen & dining room table,chair,window,vase,coffee table,indoor,room,dining,824830,White,White
furniture,table,indoor,kitchen & dining room table,floor,coffee table,chair,house,desk,room,9E6C2D,Brown,Brown
wall,chair,floor,indoor,table,interior,desk,coffee table,design,kitchen & dining room table,C0840B,White,White
table,floor,furniture,indoor,desk,chair,person,clothing,office building,whiteboard,A66A25,White,White
indoor,floor,table,chair,kitchen & dining room table,ceiling,coffee table,room,cafe,dining,9B6830,Black,Brown
furniture,table,text,indoor,chair,kitchen & dining room table,library,bar,shelf,scene,9A6631,Brown,Brown
indoor,furniture,table,chair,floor,person,clothing,ceiling,desk,kitchen & dining room table,6F4328,Grey,White
indoor,sofa,living,couch,room,floor,chair,shelf,table,book,979C2F,Black,Black
indoor,floor,table,ceiling,kitchen & dining room table,chair,hotel,room,coffee table,interior,976734,Brown,Brown
furniture,text,table,indoor,chair,shelf,coffee,vase,book,bookcase,A26D29,Brown,Brown
table,indoor,floor,shelf,chair,coffee table,desk,kitchen & dining room table,cabinetry,text,A56126,Brown,Brown
indoor,table,floor,house,coffee table,chair,kitchen & dining room table,ceiling,vase,room,A0602B,Grey,Grey
floor,indoor,table,kitchen & dining room table,coffee table,chair,restaurant,cafe,interior,window,9C5F30,Grey,Grey
table,indoor,wall,coffee table,vase,house,kitchen & dining room table,floor,window,chair,9B5330,Pink,White
indoor,table,food,floor,text,menu,furniture,person,cafe,ceiling,927639,Black,Grey
indoor,floor,table,wall,room,kitchen & dining room table,coffee table,chair,interior,desk,926139,Black,Grey
table,vase,chair,coffee table,houseplant,kitchen & dining room table,interior,house,design,flowerpot,9C6E2F,White,White
furniture,table,chair,indoor,floor,house,kitchen & dining room table,coffee table,ceiling,room,A0762B,Black,White
furniture,countertop,restaurant,table,cabinetry,indoor,kitchen appliance,home appliance,text,kitchen,986B33,Black,White
furniture,table,chair,indoor,kitchen & dining room table,floor,menu,text,ceiling,coffee table,8F633C,Black,Black
table,floor,indoor,chair,kitchen & dining room table,coffee table,living,text,stool,desk,9F2C2D,White,Grey
person,table,houseplant,furniture,clothing,man,people,chair,woman,group,486435,White,White
vase,tableware,table,indoor,furniture,houseplant,candle,food,flowerpot,coffee table,9B6630,White,White
