floor,indoor,furniture,table,bottle,chair,kitchen & dining room table,kitchen,coffee table,shelf,936038,Brown,Brown.1
furniture,bottle,table,menu,text,kitchen & dining room table,food,chair,drink,cafe,BF970C,Black,Brown
chair,table,indoor,kitchen & dining room table,restaurant,coffee table,house,text,ceiling,bar,B03F1B,Brown,Brown
bottle,indoor,table,person,ceiling,food,drink,restaurant,people,wine,A93E22,Black,Brown
soft drink,drink,juice,indoor,person,cocktail,food,cocktail garnish,orange,lemon,B64715,White,Grey
indoor,ceiling,furniture,table,restaurant,bar,text,bottle,chair,kitchen & dining room table,A36728,Black,Brown
furniture,table,text,chair,kitchen & dining room table,bar,indoor,menu,cafe,bottle,B17F1A,Black,Brown
indoor,ceiling,chair,hotel,table,coffee table,floor,vase,kitchen & dining room table,couch,A18B2A,Black,Black
indoor,ceiling,chair,table,coffee table,floor,kitchen & dining room table,desk,design,interior,9C462F,Black,Grey
table,floor,indoor,chair,kitchen & dining room table,coffee table,room,design,hotel,bar,AF921C,Brown,Brown
bottle,indoor,wall,furniture,restaurant,drink,text,shelf,drinking establishment,shop,876044,Black,Black
table,bottle,indoor,drink,ceiling,person,menu,drinking establishment,text,pub,A56A26,Black,Black
person,text,ceiling,menu,people,indoor,clothing,man,standing,restaurant,BD8C0E,Black,Black
furniture,table,chair,indoor,building,light,coffee table,sky,kitchen & dining room table,skyscraper,A88123,Black,Brown
indoor,table,floor,coffee table,chair,couch,room,kitchen & dining room table,studio couch,sofa bed,BD790E,Brown,Brown
couch,indoor,chair,interior,studio couch,coffee table,fireplace,sofa bed,house,room,9F472C,White,Brown
scene,concert,stage,band,person,music,musical instrument,live music,drum,gig,07ABC4,Blue,Blue
indoor,floor,chair,restaurant,kitchen & dining room table,bar,room,living,ceiling,coffee table,915D3A,Brown,Brown
soft drink,cocktail,juice,indoor,food,beer,cocktail garnish,bar,paradise,non-alcoholic beverage,B53D16,Black,Black
drink,cocktail,wine glass,indoor,wine,champagne stemware,glass,stemware,beer,food,C0140B,Black,Black
soft drink,drink,cocktail,indoor,juice,cocktail garnish,paradise,drinking straw,classic cocktail,highball glass,00B3CB,Blue,Blue
indoor,table,chair,kitchen & dining room table,ceiling,coffee table,interior,design,modern,window,81774A,Black,Grey
floor,ceiling,living,indoor,room,table,chair,house,coffee table,couch,B14D08,Brown,Brown
indoor,person,bottle,drink,man,bar,ceiling,food,table,menu,A0762B,Black,Black
indoor,bottle,shelf,drink,wooden,drinking establishment,furniture,wine,kitchen & dining room table,text,C37F08,Brown,Brown
bottle,indoor,floor,restaurant,night,furniture,drink,lit,drinking establishment,building,C0860B,Brown,Black
bottle,table,wine,indoor,food,glasses,soft drink,counter,alcohol,beer,BC400F,Brown,Black
furniture,indoor,menu,bottle,kitchen & dining room table,text,chair,ceiling,cafe,restaurant,0C305C,Black,Brown
floor,indoor,chair,table,bar,ceiling,kitchen & dining room table,bottle,green,menu,936C38,Black,Black
indoor,ceiling,floor,bottle,kitchen,furniture,kitchen & dining room table,cafe,counter,drink,966835,Brown,Brown
furniture,table,indoor,ceiling,chair,window,hotel,kitchen & dining room table,couch,coffee table,B54C11,Black,Black
bottle,indoor,text,furniture,ceiling,drink,food,drinking establishment,pub,kitchen & dining room table,BA460E,Black,Brown
building,furniture,table,bar,chair,restaurant,kitchen & dining room table,coffee table,bottle,menu,81674B,Black,Black
indoor,floor,ceiling,table,room,restaurant,bar,living,countertop,cabinetry,C39B08,Black,Black
indoor,floor,restaurant,furniture,red,ceiling,table,room,chair,text,BF1B0C,Black,Brown
indoor,furniture,menu,ceiling,floor,chair,kitchen & dining room table,text,pub,fast food,A94C22,Black,Brown
indoor,table,ceiling,chair,floor,window,kitchen & dining room table,coffee table,hotel,building,9D642E,Brown,Black
table,drink,cocktail,indoor,wine glass,tableware,food,soft drink,wine,champagne stemware,A88723,Brown,Brown
furniture,table,indoor,chair,menu,bottle,kitchen & dining room table,cafe,restaurant,food,B34718,Brown,Brown
tableware,wall,indoor,coffee,cup,bowl,sink,vase,plate,saucer,B87913,Brown,Brown
bottle,restaurant,drink,indoor,drinking establishment,bar,wine,text,night,shop,C04108,Black,Brown
bottle,drink,indoor,shelf,bar,beer,text,wine,food,soft drink,A76B24,Brown,Brown
bottle,indoor,wine,person,beer,drinking establishment,drink,furniture,candle,text,BD4302,Brown,Brown
tableware,indoor,plate,platter,kitchen utensil,food,dishware,spoon,drink,bowl,957836,Black,Grey
text,menu,fast food,person,clothing,bottle,restaurant,soft drink,people,woman,B53316,Black,Brown
indoor,table,ceiling,floor,kitchen & dining room table,chair,room,dining,wooden,coffee table,B14C1A,Brown,Brown
indoor,ceiling,table,wall,floor,chair,room,kitchen & dining room table,restaurant,living,8E643D,Black,Black
table,indoor,restaurant,bar,chair,kitchen & dining room table,ceiling,floor,room,coffee table,0EABBD,Black,Black
indoor,bottle,ceiling,food,menu,drinking establishment,shop,drink,wine,text,A78924,Black,Black
chair,indoor,table,ceiling,room,living,hotel,building,text,couch,A1632A,Black,Brown
furniture,floor,chair,table,indoor,vase,couch,room,coffee table,fireplace,C47807,Brown,Brown
indoor,bottle,shelf,ceiling,drink,text,wine,restaurant,drinking establishment,liquor store,9E3C2D,Brown,Brown
indoor,bottle,ceiling,drink,wine,drinking establishment,bar,counter,food,cafe,B48317,Black,Brown
text,table,indoor,bottle,chair,kitchen & dining room table,ceiling,shelf,menu,drinking establishment,C0840B,Brown,Brown
indoor,furniture,text,shelf,book,bookcase,table,chair,desk,ceiling,A63625,Grey,Grey
indoor,table,floor,kitchen & dining room table,ceiling,chair,room,coffee table,bottle,menu,63432D,Black,Black
wine,person,table,indoor,wine glass,glasses,cocktail,glass,drink,bar,C0720B,Black,Black
furniture,indoor,table,menu,floor,chair,kitchen & dining room table,text,bottle,room,B49117,Black,Brown
shelf,indoor,bottle,text,ceiling,wine,filled,drinking establishment,full,liquor store,2D1404,Brown,Brown
bottle,indoor,drink,shelf,drinking establishment,text,wine,beer,soft drink,food,B63315,Black,Black
bottle,indoor,restaurant,drink,furniture,wine,text,bar,drinking establishment,table,A56C26,Brown,Brown
indoor,floor,text,ceiling,restaurant,bar,bottle,food,menu,fast food,B34910,Brown,Brown
person,clothing,indoor,woman,man,group,human face,drink,bar,people,945037,Black,Brown
bottle,indoor,text,furniture,ceiling,table,drink,food,restaurant,drinking establishment,B38818,Black,Black
furniture,text,chair,floor,indoor,kitchen & dining room table,coffee table,restaurant,bar,curtain,BB7810,Red,Red
indoor,ceiling,floor,person,clothing,fast food,restaurant,menu,table,food,B77414,Black,Brown
person,restaurant,table,furniture,clothing,chair,bar,menu,fast food,kitchen & dining room table,C0990B,Brown,Brown
indoor,text,restaurant,bottle,countertop,bar,cabinetry,furniture,menu,food,A36C28,Black,Black
drink,wine glass,wine,indoor,cocktail,bottle,ceiling,soft drink,tableware,glass,A62E25,Black,White
furniture,ceiling,table,floor,chair,indoor,kitchen & dining room table,restaurant,dark,coffee table,A58226,Black,Black
indoor,drink,bottle,wine,beer,drinking establishment,ceiling,bar,alcohol,lots,B54516,Black,Brown
ceiling,indoor,table,floor,kitchen & dining room table,interior,chair,hotel,countertop,cabinetry,956E36,Grey,Grey
furniture,indoor,book,table,bookcase,chair,room,shelf,vase,coffee table,BB8810,Brown,Brown
indoor,floor,furniture,bottle,table,kitchen & dining room table,ceiling,text,chair,cabinetry,1E69AD,Black,Black
indoor,ceiling,bottle,person,clothing,text,man,furniture,table,food,C69505,Black,Black
indoor,ceiling,bottle,person,floor,drink,text,clothing,cafe,food,A63725,Brown,Brown
restaurant,clothing,furniture,bar,indoor,table,chair,person,ceiling,man,A26F29,Black,Black
table,indoor,cup,sitting,food,cocktail,beer,wine glass,soft drink,bar,C07F0B,Black,Black
ceiling,bottle,indoor,furniture,drink,kitchen & dining room table,table,drinking establishment,bar,wine,AD7F1E,Black,Black
bottle,indoor,table,ceiling,restaurant,drink,drinking establishment,tavern,food,pub,A87523,Black,Brown
table,indoor,floor,chair,ceiling,dining,kitchen & dining room table,building,cabinetry,wooden,BD260D,Brown,Black
indoor,bottle,ceiling,furniture,kitchen & dining room table,kitchen,chair,drink,drinking establishment,menu,B23A19,Black,Brown
table,chair,kitchen & dining room table,bar,indoor,coffee table,cafe,building,dining,restaurant,0FB3BC,Black,Brown
fast food,indoor,snack,food,restaurant,counter,text,delicious,menu,buffet,A99322,Brown,Brown
plate,food,table,grass,fast food,outdoor,snack,filled,many,full,B58E16,White,White
indoor,ceiling,fast food,food,kitchen,floor,snack,person,preparing,vegetable,B79414,Brown,Brown
plate,seafood,table,food,shellfish,crab,lobster,crustacean,fast food,shrimp,BB3910,White,White
food,fast food,table,tree,window,plate,vegetable,snack,outdoor,meal,7A382A,White,Black
indoor,table,floor,countertop,restaurant,tableware,kitchen & dining room table,food,cabinetry,sink,4C6118,Brown,Brown
food,fast food,indoor,snack,dessert,text,pastry,baked goods,meal,menu,B38C18,Black,Black
food,table,fast food,indoor,restaurant,tableware,meal,snack,cafe,dinner,B68315,White,Brown
indoor,floor,window,ceiling,food,kitchen,furniture,counter,building,text,996A32,Grey,Grey
ceiling,indoor,table,chair,hotel,room,kitchen & dining room table,text,desk,scene,C0190B,Brown,Brown
indoor,floor,table,chair,room,ceiling,interior,kitchen & dining room table,scene,hotel,9A5931,White,Brown
indoor,fast food,food,restaurant,snack,kitchen,ceiling,cafe,text,menu,976334,Black,Grey
fast food,indoor,table,food,market,plate,ceiling,restaurant,text,snack,B99312,Brown,White
indoor,ceiling,floor,fast food,food,restaurant,store,furniture,counter,interior,B97C12,Brown,Brown
food,plate,table,fast food,different,snack,menu,dinner,many,meal,763C1C,Brown,Brown
food,indoor,ceiling,fast food,kitchen,market,preparing,food processing,snack,restaurant,2E479D,Brown,Brown
fast food,food,plate,table,snack,text,indoor,menu,pastry,baked goods,B58016,Brown,Brown
table,soft drink,indoor,cocktail,juice,fruit,drink,food,dish,fast food,B1981A,Black,Brown
indoor,ceiling,floor,food,person,fast food,restaurant,convenience store,clothing,retail,996232,Brown,Brown
floor,indoor,table,chair,kitchen & dining room table,room,fast food,food,cafe,coffee table,AF2A1C,Brown,Brown
indoor,table,ceiling,kitchen,wall,restaurant,hotel,counter,accommodation,countertop,B64C04,Orange,Brown
fast food,food,indoor,plate,seafood,snack,counter,meal,market,cooking,B32A18,Black,White
food,indoor,fast food,ceiling,snack,text,dessert,pastry,menu,baked goods,BA410B,White,White
indoor,floor,ceiling,wall,table,room,kitchen,living,food,countertop,9B6630,Brown,Brown
food,table,plate,fast food,candle,tableware,snack,vase,platter,dinner,AA2C21,White,Brown
indoor,text,table,chair,room,ceiling,kitchen & dining room table,desk,restaurant,hotel,744722,Brown,Brown
table,plate,food,tableware,vegetable,platter,salad,kitchen utensil,fork,dishware,B73914,Brown,White
indoor,art,picture frame,scene,gallery,design,room,shelf,exhibition,furniture,C39808,Black,White
indoor,fast food,person,restaurant,cooking,food,menu,counter,dish,pizza,C09C0B,Black,White
fast food,different,baked goods,snack,menu,plate,delicious,food,pastry,recipe,BD460A,White,White
table,furniture,kitchen & dining room table,text,restaurant,chair,coffee table,design,interior,cafe,ABBE0D,Grey,Grey
fast food,table,indoor,food,kitchen appliance,cafe,snack,person,food processing,dinner,9C602F,Brown,Brown
indoor,fast food,table,food,kitchen,person,ceiling,restaurant,preparing,furniture,9B6F30,Black,Black
plate,food,car,tableware,platter,fast food,dinner,saucer,breakfast,many,AC401F,Grey,White
table,food,seafood,fast food,plate,shellfish,indoor,shrimp,lobster,dinner,AE401D,White,White
fast food,food,snack,person,restaurant,menu,pastry,delicacy,bakery,meal,AA7E21,Brown,Brown
indoor,ceiling,floor,wall,fast food,food,kitchen,convenience store,menu,restaurant,B43F17,Brown,Brown
food,different,items,red meat,pork,seafood,animal fat,goat meat,roasting,roast beef,B01B2E,Brown,Brown
table,plate,food,window,vase,indoor,tableware,flower,tablecloth,flowerpot,A25D29,White,Brown
floor,fast food,indoor,food,text,snack,store,restaurant,menu,pastry,B18F1A,Brown,Black
indoor,person,ceiling,food,fast food,clothing,man,culinary,dinner,people,B39A18,Brown,Brown
food,fast food,text,different,plate,market,indoor,delicious,restaurant,snack,B33918,White,Brown
food,fast food,person,seafood,indoor,snack,meal,cooking,wok,delicacy,B58616,Black,Black
indoor,ceiling,person,clothing,food,art,table,text,woman,fast food,AD271E,Brown,Brown
fast food,food,indoor,snack,menu,pastry,dish,baked goods,delicacy,meal,BA4407,Black,Black
indoor,interior,design,ceiling,table,coffee table,window,house,modern,building,A1412A,White,White
person,food,fast food,indoor,roasting,churrasco food,grilling,street food,barbecue,meat carving,BF890C,Black,White
plate,table,food,meat,roast beef,beef,veal,red meat,flat iron steak,pork,B58B16,White,White
table,fast food,food,plate,snack,french fries,seafood,tableware,breakfast,full breakfast,783A10,Grey,White
indoor,floor,table,ceiling,room,chair,cabinetry,window,interior,design,986433,Brown,Brown
indoor,food,floor,fast food,restaurant,ceiling,counter,kitchen,delicious,person,986933,Brown,Black
food,indoor,table,fast food,plate,counter,kitchen,restaurant,snack,preparing,AD351E,Brown,Brown
indoor,table,text,chair,ceiling,kitchen & dining room table,coffee table,scene,restaurant,building,BE890D,Brown,Brown
fast food,food,snack,restaurant,menu,different,indoor,text,baked goods,delicious,BA4311,Black,Black
indoor,table,floor,ceiling,architecture,building,chair,design,window,kitchen & dining room table,71462C,Grey,Black
food,fast food,table,plate,indoor,counter,dinner,snack,restaurant,menu,A76524,Grey,Grey
ceiling,indoor,table,kitchen & dining room table,floor,chair,dining,wooden,coffee table,scene,B02C1B,Brown,Brown
food,fast food,table,plate,indoor,different,snack,delicious,baked goods,dessert,BC880F,White,White
table,food,baked goods,fast food,dessert,delicious,snack,cake,text,recipe,485E5D,White,White
fast food,food,different,plate,seafood,breakfast,dinner,meal,snack,delicious,B23719,White,Grey
food,fast food,snack,plate,different,dessert,meal,cuisine,menu,pastry,B28819,Brown,Brown
fast food,indoor,person,food,dinner,cooking,restaurant,pizza,culinary,snack,B02E1B,Black,Black
fast food,food,dish,seafood,sushi,different,delicacy,dinner,vegetable,cuisine,AA3A21,Black,White
food,fast food,table,indoor,snack,pastry,ceiling,text,counter,restaurant,AD801E,Yellow,Brown
indoor,floor,table,kitchen & dining room table,coffee table,chair,room,living,desk,restaurant,99A625,Black,Black
table,indoor,restaurant,floor,ceiling,kitchen & dining room table,bar,coffee table,chair,room,12406C,Black,Brown
floor,table,indoor,room,kitchen & dining room table,ceiling,chair,cafe,coffee table,desk,A49527,Black,Brown
indoor,floor,table,chair,ceiling,kitchen & dining room table,coffee table,room,desk,building,986B33,Grey,White
floor,indoor,table,room,window,ceiling,kitchen & dining room table,chair,desk,coffee table,986233,Brown,Brown
table,chair,window,coffee table,interior,kitchen & dining room table,house,houseplant,vase,building,6C4837,White,White
table,chair,floor,indoor,coffee table,kitchen & dining room table,house,home,vase,window,90623B,Grey,Grey
furniture,table,chair,desk,indoor,laptop,window,coffee table,computer,kitchen & dining room table,986133,Brown,White
table,indoor,window,houseplant,chair,ceiling,furniture,design,vase,interior,436122,Grey,Grey
table,chair,indoor,houseplant,coffee table,vase,kitchen & dining room table,flowerpot,interior,shelf,AD321E,Brown,White
indoor,floor,ceiling,room,table,restaurant,kitchen & dining room table,chair,cafe,wooden,AE881D,Black,White
table,furniture,indoor,text,shelf,window,floor,cabinetry,restaurant,library,976334,Brown,Grey
table,furniture,indoor,person,food,restaurant,bottle,clothing,desk,text,7D654E,Grey,Black
furniture,table,indoor,chair,bottle,kitchen & dining room table,ceiling,cafe,text,coffee table,995D32,Black,Brown
table,chair,floor,indoor,text,desk,kitchen & dining room table,coffee table,restaurant,ceiling,B63915,Brown,Brown
indoor,person,table,ceiling,clothing,furniture,people,man,chair,tableware,975E34,Brown,White
table,floor,indoor,building,chair,window,coffee table,kitchen & dining room table,interior,houseplant,78430E,Brown,Black
indoor,chair,floor,table,houseplant,ceiling,room,coffee table,vase,flowerpot,6C4122,Brown,White
ceiling,indoor,floor,restaurant,menu,fast food,text,store,food,shop,987433,Black,Black
indoor,table,wall,furniture,shelf,bottle,person,sink,text,kitchen,8A7241,Grey,White
indoor,floor,window,chair,living,table,room,house,building,porch,868E3D,White,White
indoor,bathroom,window,sink,chair,bathtub,coffee table,table,mirror,green,837448,Black,Black
indoor,table,house,cabinetry,design,countertop,shelf,ceiling,interior,coffee table,9B6630,Grey,Grey
bottle,restaurant,indoor,furniture,menu,food,cafe,drink,drinking establishment,text,9D602E,Black,Grey
indoor,ceiling,furniture,kitchen,table,chair,floor,kitchen & dining room table,restaurant,counter,8E723D,Black,Grey
living,indoor,room,table,text,desk,design,restaurant,chair,interior,8F753C,Black,Grey
furniture,ceiling,indoor,table,chair,person,floor,desk,kitchen & dining room table,coffee table,9C6B2F,Black,White
indoor,kitchen,person,furniture,preparing,ceiling,desk,clothing,counter,working,9D522E,White,White
floor,indoor,table,window,room,chair,living,coffee table,kitchen & dining room table,person,66452A,White,White
floor,table,chair,indoor,kitchen & dining room table,cafe,room,restaurant,ceiling,living,9F682C,Black,White
indoor,furniture,menu,text,bottle,cafe,food,fast food,countertop,kitchen & dining room table,A46E27,Brown,Brown
indoor,ceiling,furniture,window,person,building,bar,clothing,man,chair,A1822A,Black,Brown
indoor,table,chair,floor,kitchen & dining room table,interior,coffee table,room,desk,living,856D46,White,White
table,indoor,coffee table,couch,floor,chair,living,house,room,vase,B04619,White,White
indoor,table,restaurant,floor,kitchen & dining room table,ceiling,room,chair,cafe,desk,9F662C,Brown,White
wall,vase,indoor,houseplant,flower,table,flowerpot,interior,design,mirror,956336,White,White
houseplant,vase,floor,table,living,flowerpot,chair,indoor,house,window,614B27,White,White
indoor,couch,chair,coffee table,design,table,studio couch,interior,modern,sofa bed,AE5D1D,Grey,Black
indoor,furniture,floor,ceiling,table,kitchen & dining room table,restaurant,chair,bottle,text,643A0F,Black,Black
floor,furniture,table,chair,kitchen & dining room table,indoor,coffee table,design,interior,desk,447287,Grey,White
indoor,table,floor,desk,chair,person,room,ceiling,clothing,kitchen & dining room table,957A36,Grey,White
table,chair,coffee table,interior,design,kitchen & dining room table,modern,window,accommodation,hotel,66462A,Grey,Grey
furniture,table,indoor,kitchen & dining room table,chair,cafe,bar,text,coffee table,menu,996D32,Brown,Brown
table,furniture,restaurant,kitchen & dining room table,chair,coffee table,bar,cafe,design,stool,4C5D2C,Black,Black
indoor,menu,text,bottle,ceiling,table,cafe,furniture,food,shop,9C6930,Brown,Brown
indoor,table,floor,furniture,computer,ceiling,laptop,person,chair,room,986133,Black,Black
table,chair,floor,coffee table,kitchen & dining room table,indoor,vase,design,interior,modern,476328,White,Grey
indoor,floor,wall,table,kitchen,chair,interior,desk,cabinetry,design,9E572D,White,White
indoor,table,floor,chair,ceiling,shelf,text,interior,room,kitchen & dining room table,9D612E,Brown,Brown
table,floor,chair,indoor,window,coffee table,house,desk,vase,kitchen & dining room table,69462F,White,White
indoor,table,floor,ceiling,kitchen & dining room table,desk,chair,coffee table,room,restaurant,31679A,Black,Grey
table,indoor,flower,chair,vase,kitchen & dining room table,houseplant,ceiling,coffee table,flowerpot,956B36,Black,White
furniture,table,outdoor,houseplant,coffee table,building,house,chair,kitchen & dining room table,flowerpot,7D634E,Grey,Grey
chair,table,kitchen & dining room table,floor,dining,coffee table,indoor,ceiling,bar,room,916C3A,Black,Black
indoor,wall,table,chair,floor,kitchen & dining room table,living,room,coffee table,interior,9A6631,Brown,Brown
indoor,table,ceiling,chair,wall,kitchen & dining room table,floor,room,vase,coffee table,B54916,Brown,Brown
vase,chair,table,couch,coffee table,houseplant,interior,indoor,house,flowerpot,684123,Brown,White
person,table,indoor,furniture,people,group,chair,desk,computer,cafe,9E6D2D,Black,Black
table,furniture,indoor,chair,vase,ceiling,kitchen & dining room table,coffee table,restaurant,house,946A37,Grey,Black
indoor,table,floor,chair,design,text,kitchen & dining room table,vase,coffee table,room,654628,White,White
floor,indoor,table,chair,room,kitchen & dining room table,ceiling,design,interior,coffee table,966435,Brown,White
furniture,table,chair,coffee table,kitchen & dining room table,indoor,restaurant,vase,desk,cabinetry,896542,White,Grey
indoor,floor,room,table,living,chair,vase,coffee table,furniture,kitchen & dining room table,674638,White,White
indoor,table,window,floor,kitchen & dining room table,room,vase,house,coffee table,houseplant,61442A,Grey,Grey
floor,indoor,chair,table,window,room,living,desk,house,furniture,6D3734,Grey,White
table,indoor,chair,floor,window,person,coffee table,clothing,desk,woman,9A6331,White,White
indoor,floor,ceiling,furniture,table,chair,menu,kitchen & dining room table,bar,fast food,996332,Black,Black
indoor,ceiling,design,interior,floor,wall,table,home,sink,cabinetry,997432,Grey,Grey
indoor,table,furniture,floor,kitchen & dining room table,bar,chair,ceiling,cafe,dining,B87413,Black,Brown
indoor,table,vase,houseplant,floor,chair,coffee table,house,flowerpot,couch,956836,White,White
table,indoor,floor,window,room,chair,living,kitchen & dining room table,coffee table,house,90593B,Black,Black
floor,furniture,indoor,table,chair,kitchen & dining room table,kitchen,cafe,ceiling,coffee table,946937,Grey,Grey
wall,furniture,indoor,coffee table,design,floor,chair,kitchen & dining room table,interior,kitchen,714119,White,White
floor,indoor,table,design,chair,whiteboard,desk,kitchen & dining room table,interior,coffee table,887143,White,White
indoor,furniture,table,floor,chair,kitchen & dining room table,window,ceiling,room,person,6D4130,Brown,Grey
furniture,chair,table,indoor,interior,stool,coffee table,kitchen & dining room table,desk,whiteboard,5F483F,Grey,Grey
indoor,floor,table,ceiling,design,wall,kitchen,desk,cabinetry,restaurant,946537,Grey,Grey
grass,outdoor,chair,table,furniture,lawn,kitchen & dining room table,coffee table,building,shade,4A6427,Green,White
furniture,indoor,table,floor,text,kitchen & dining room table,bookcase,ceiling,book,room,654127,Brown,White
building,footwear,clothing,person,outdoor,road,skating,jeans,man,trousers,B1981A,Grey,Black
wall,indoor,table,restaurant,fast food,furniture,clothing,person,menu,food,684025,Black,Brown
furniture,table,indoor,floor,ceiling,restaurant,chair,kitchen & dining room table,coffee table,building,1C376D,Brown,Black
indoor,wall,floor,sink,ceiling,countertop,interior,cabinetry,design,table,7F664C,White,White
table,floor,chair,indoor,kitchen & dining room table,ceiling,window,coffee table,restaurant,room,9D662E,Black,White
table,furniture,floor,kitchen & dining room table,coffee table,desk,design,chair,interior,cafe,8A6C41,Grey,White
curtain,indoor,chair,floor,table,coffee table,interior,room,design,vase,595046,White,Grey
table,vase,floor,coffee table,kitchen & dining room table,house,room,indoor,chair,curtain,A97922,Black,Black
indoor,cabinetry,countertop,kitchen,table,sink,text,shelf,kitchen appliance,house,AA5D21,White,Brown
furniture,table,floor,kitchen & dining room table,coffee table,indoor,chair,countertop,window,vase,63493C,Grey,Grey
floor,table,indoor,chair,kitchen & dining room table,wall,coffee table,text,ceiling,room,9B6C30,Black,Grey
furniture,table,chair,indoor,floor,kitchen & dining room table,coffee table,house,desk,person,495E13,White,White
vase,table,furniture,house,tableware,mirror,coffee table,design,houseplant,interior,A46827,White,White
indoor,floor,wall,person,clothing,ceiling,table,room,fast food,text,AC751F,Black,Grey
table,chair,kitchen & dining room table,coffee table,indoor,house,vase,cabinetry,bottle,interior,205F74,Black,Grey
indoor,kitchen appliance,countertop,home appliance,sink,bottle,cabinetry,restaurant,cafe,coffee,836A48,Grey,Black
floor,indoor,chair,kitchen & dining room table,table,room,coffee table,ceiling,cafe,kitchen,966635,Grey,Grey
floor,table,window,kitchen & dining room table,indoor,coffee table,vase,room,chair,interior,976434,White,White
chair,floor,table,indoor,room,kitchen & dining room table,house,coffee table,living,interior,763A2C,Black,Green
floor,table,kitchen & dining room table,chair,window,vase,coffee table,indoor,room,dining,824830,White,White
furniture,table,indoor,kitchen & dining room table,floor,coffee table,chair,house,desk,room,9E6C2D,Brown,Brown
wall,chair,floor,indoor,table,interior,desk,coffee table,design,kitchen & dining room table,C0840B,White,White
table,floor,furniture,indoor,desk,chair,person,clothing,office building,whiteboard,A66A25,White,White
indoor,floor,table,chair,kitchen & dining room table,ceiling,coffee table,room,cafe,dining,9B6830,Black,Brown
furniture,table,text,indoor,chair,kitchen & dining room table,library,bar,shelf,scene,9A6631,Brown,Brown
indoor,furniture,table,chair,floor,person,clothing,ceiling,desk,kitchen & dining room table,6F4328,Grey,White
indoor,sofa,living,couch,room,floor,chair,shelf,table,book,979C2F,Black,Black
indoor,floor,table,ceiling,kitchen & dining room table,chair,hotel,room,coffee table,interior,976734,Brown,Brown
furniture,text,table,indoor,chair,shelf,coffee,vase,book,bookcase,A26D29,Brown,Brown
table,indoor,floor,shelf,chair,coffee table,desk,kitchen & dining room table,cabinetry,text,A56126,Brown,Brown
indoor,table,floor,house,coffee table,chair,kitchen & dining room table,ceiling,vase,room,A0602B,Grey,Grey
floor,indoor,table,kitchen & dining room table,coffee table,chair,restaurant,cafe,interior,window,9C5F30,Grey,Grey
table,indoor,wall,coffee table,vase,house,kitchen & dining room table,floor,window,chair,9B5330,Pink,White
indoor,table,food,floor,text,menu,furniture,person,cafe,ceiling,927639,Black,Grey
indoor,floor,table,wall,room,kitchen & dining room table,coffee table,chair,interior,desk,926139,Black,Grey
table,vase,chair,coffee table,houseplant,kitchen & dining room table,interior,house,design,flowerpot,9C6E2F,White,White
furniture,table,chair,indoor,floor,house,kitchen & dining room table,coffee table,ceiling,room,A0762B,Black,White
furniture,countertop,restaurant,table,cabinetry,indoor,kitchen appliance,home appliance,text,kitchen,986B33,Black,White
furniture,table,chair,indoor,kitchen & dining room table,floor,menu,text,ceiling,coffee table,8F633C,Black,Black
table,floor,indoor,chair,kitchen & dining room table,coffee table,living,text,stool,desk,9F2C2D,White,Grey
person,table,houseplant,furniture,clothing,man,people,chair,woman,group,486435,White,White
vase,tableware,table,indoor,furniture,houseplant,candle,food,flowerpot,coffee table,9B6630,White,White
indoor,ceiling,table,text,restaurant,chair,floor,kitchen & dining room table,cafe,desk,B64B0F,Grey,Brown
indoor,text,fast food,wall,floor,menu,food,store,ceiling,shelf,A1702A,Grey,White
clothing,person,jeans,floor,indoor,footwear,man,trousers,text,standing,435E88,Black,White
text,indoor,bottle,person,soft drink,computer,clothing,man,laptop,drink,2ABE0D,Black,Brown
fast food,indoor,ceiling,text,food,menu,restaurant,person,store,clothing,BD1A0E,Black,Red
indoor,ceiling,wall,person,chair,furniture,table,clothing,text,fast food,B516A2,Brown,Black
furniture,table,indoor,kitchen & dining room table,floor,coffee table,room,chair,cafe,dining,9F5A2C,Brown,Brown
table,furniture,chair,text,person,fast food,wooden,menu,kitchen & dining room table,clothing,2C4465,White,Grey
text,furniture,design,indoor,floor,table,interior,cabinetry,sink,coffee table,B89313,Grey,Yellow
indoor,ceiling,table,furniture,person,text,fast food,chair,clothing,yellow,B99C12,Black,Yellow
indoor,ceiling,text,restaurant,menu,fast food,cafe,table,person,furniture,BB3910,White,White
person,text,clothing,indoor,fast food,people,ceiling,restaurant,woman,group,B9B012,Brown,Brown
furniture,indoor,ceiling,table,floor,chair,fast food,kitchen & dining room table,menu,person,80684B,Grey,Grey
text,floor,indoor,menu,table,furniture,chair,person,restaurant,cafe,947437,Grey,Grey
indoor,floor,table,room,design,ceiling,interior,cabinetry,desk,countertop,9C622F,Brown,Brown
text,floor,indoor,store,food,convenience store,shop,menu,fast food,shelf,C1990A,Brown,Brown
indoor,person,wall,ceiling,clothing,floor,table,woman,scene,room,C48B07,Brown,Brown
chair,indoor,floor,table,kitchen & dining room table,coffee table,room,desk,dining,stool,C60D05,Brown,Brown
furniture,chair,indoor,kitchen & dining room table,floor,restaurant,coffee table,interior,dining,cafe,C08A0B,Brown,Brown
fast food,text,menu,table,chair,furniture,person,indoor,kitchen & dining room table,clothing,B32818,Black,White
menu,indoor,fast food,ceiling,text,restaurant,furniture,chair,interior,table,9A6331,Brown,Grey
fast food,text,person,indoor,clothing,table,food,furniture,menu,scene,A73024,Black,Brown
furniture,table,chair,kitchen & dining room table,cafe,indoor,menu,bar,food,fast food,9D742E,Brown,Grey
text,chair,furniture,outdoor,fast food,table,menu,restaurant,person,kitchen & dining room table,C79E04,Grey,Black
furniture,table,chair,indoor,kitchen & dining room table,floor,restaurant,cafe,coffee table,interior,3D697A,Grey,Grey
text,indoor,furniture,ceiling,chair,table,restaurant,menu,kitchen & dining room table,fast food,B4B017,Brown,Grey
floor,indoor,ceiling,table,text,chair,kitchen & dining room table,room,desk,fast food,B54916,Grey,Brown
indoor,table,chair,wall,ceiling,kitchen & dining room table,room,text,desk,coffee table,A73124,White,White
menu,text,indoor,restaurant,fast food,shop,store,bar,food,table,AE2C1D,Black,Black
table,fast food,food,person,indoor,plate,restaurant,coffee cup,tableware,cooking,8E763D,Grey,White
person,fast food,ceiling,indoor,clothing,food,menu,man,standing,text,B99C12,Black,Black
text,furniture,fast food,indoor,table,chair,floor,menu,kitchen & dining room table,scene,BDA30E,Brown,Red
text,store,fast food,menu,indoor,restaurant,sign,supermarket,person,mall,BE1E0D,Brown,Brown
text,indoor,convenience store,store,food,fast food,shelf,retail,menu,snack,AA222F,Red,Grey
text,indoor,store,fast food,menu,convenience store,shop,food,display,shelf,B72214,Grey,White
indoor,furniture,restaurant,table,floor,bar,yellow,chair,menu,text,BA9E11,Yellow,Black
text,table,furniture,chair,indoor,person,fast food,clothing,ceiling,kitchen & dining room table,A32829,Grey,Brown
indoor,chair,floor,ceiling,table,fast food,room,menu,kitchen & dining room table,restaurant,BB101A,Black,Grey
table,indoor,floor,kitchen & dining room table,chair,menu,cafe,room,desk,text,AF6B1C,Red,Brown
ceiling,furniture,chair,indoor,fast food,kitchen & dining room table,menu,text,restaurant,cafe,B32518,Brown,Brown
fast food,ceiling,indoor,text,menu,furniture,table,food,chair,person,B19D1A,Brown,White
indoor,floor,fast food,kitchen,text,food,menu,ceiling,person,restaurant,624428,Black,Black
text,fast food,person,clothing,food,menu,people,scene,woman,footwear,1E3E71,Brown,Grey
ceiling,indoor,table,floor,wall,chair,kitchen & dining room table,coffee table,room,restaurant,8F643C,Black,Grey
indoor,table,wall,ceiling,floor,text,desk,room,shelf,computer,AD801E,Black,Brown
furniture,indoor,table,restaurant,ceiling,chair,kitchen & dining room table,menu,counter,text,9B6130,Black,Brown
ceiling,indoor,furniture,table,wall,desk,chair,computer,office building,building,C6A605,Brown,Brown
indoor,table,floor,chair,ceiling,kitchen & dining room table,menu,restaurant,coffee table,building,8E613D,Brown,Brown
indoor,table,floor,furniture,wall,window,ceiling,countertop,sink,cabinetry,B76414,Brown,Black
indoor,furniture,table,text,house,restaurant,chair,kitchen & dining room table,cabinetry,shelf,B88D13,Black,Brown
food,fast food,plate,restaurant,different,dinner,menu,seafood,vegetable,sushi,B23819,Brown,Black
furniture,table,indoor,ceiling,desk,floor,kitchen & dining room table,chair,design,room,986D33,Black,Black
indoor,wall,floor,door,room,building,window,yellow,living,ceiling,694510,Brown,Brown
table,indoor,furniture,wall,floor,person,chair,clothing,man,ceiling,BA9711,Black,Black
furniture,indoor,table,text,chair,shelf,desk,design,interior,cabinetry,8F633C,Black,Brown
indoor,floor,table,ceiling,kitchen & dining room table,window,bar,chair,dining,room,B28519,Black,Grey
indoor,floor,wall,table,ceiling,chair,room,coffee table,interior,vase,9A6831,Black,Black
furniture,table,chair,indoor,kitchen & dining room table,cabinetry,countertop,house,coffee table,interior,783A18,Brown,Brown
building,outdoor,restaurant,street,plant,houseplant,house,flowerpot,shop,city,644715,Black,Yellow
indoor,ceiling,table,floor,chair,kitchen & dining room table,room,text,desk,coffee table,BB3F10,Brown,Brown
indoor,table,chair,kitchen & dining room table,ceiling,floor,coffee table,interior,hotel,vase,A29029,Yellow,Brown
indoor,furniture,table,floor,restaurant,chair,ceiling,desk,kitchen & dining room table,interior,997032,Black,Black
furniture,table,indoor,chair,floor,kitchen & dining room table,ceiling,room,coffee table,desk,A06E2B,Black,Brown
furniture,indoor,table,floor,text,cabinetry,shelf,kitchen & dining room table,desk,ceiling,B79614,Black,Yellow
indoor,table,text,bar,floor,kitchen & dining room table,chair,menu,cafe,restaurant,C80361,White,White
indoor,shelf,floor,book,library,text,bookcase,interior,table,building,156295,Brown,Brown
table,indoor,furniture,person,chair,clothing,kitchen & dining room table,ceiling,fast food,food,2A170C,Brown,Brown
wall,table,indoor,floor,chair,room,coffee table,kitchen & dining room table,vase,restaurant,B58216,Brown,Brown
floor,window,table,indoor,chair,restaurant,kitchen & dining room table,cafe,desk,coffee table,B0801B,Grey,White
design,house,modern,window,door,houseplant,text,interior,building,home,856646,White,White
food,plate,animal fat,red meat,meat,indoor,veal,pork,goat meat,beef,B58716,White,White
indoor,table,furniture,floor,desk,text,chair,computer,office building,ceiling,6F441A,Black,Black
table,floor,indoor,chair,kitchen & dining room table,cafe,room,coffee table,fast food,countertop,9E622D,Brown,Brown
furniture,table,floor,chair,indoor,kitchen & dining room table,restaurant,ceiling,coffee table,hotel,AE941D,Black,Brown
indoor,table,floor,ceiling,chair,restaurant,kitchen & dining room table,interior,design,bar,9A7B31,Black,Black
indoor,table,ceiling,window,wall,chair,desk,room,office building,text,6D4227,Brown,Black
indoor,bottle,table,menu,furniture,bar,ceiling,food,drink,text,C1770A,Black,Brown
floor,indoor,wall,chair,table,kitchen & dining room table,desk,coffee table,stool,cabinetry,4B250D,Brown,White
indoor,floor,door,house,wall,room,building,window,living,ceiling,BA7E11,Orange,Orange
table,furniture,floor,indoor,coffee table,desk,house,cabinetry,chair,vase,64471B,Brown,Brown
indoor,furniture,table,desk,floor,cabinetry,countertop,chair,coffee table,sink,AE5118,White,White
indoor,furniture,window,table,interior,room,home,coffee table,cabinetry,design,9E592D,Grey,Grey
furniture,table,indoor,desk,floor,kitchen & dining room table,coffee table,wooden,design,chair,8C6C3F,Grey,Brown
indoor,floor,table,furniture,restaurant,bottle,text,chair,building,ceiling,B53916,Black,Black
indoor,table,window,floor,ceiling,screenshot,desk,room,text,chair,AF6A1C,Black,White
table,indoor,furniture,restaurant,text,floor,chair,kitchen & dining room table,desk,menu,C00B22,Brown,White
furniture,table,kitchen & dining room table,floor,indoor,chair,coffee table,cabinetry,design,wooden,9C732F,Brown,Brown
indoor,table,floor,room,desk,living,chair,coffee table,wooden,cabinetry,334961,Black,White
indoor,table,building,floor,chair,coffee table,ceiling,couch,kitchen & dining room table,hotel,946F37,Brown,Brown
indoor,table,floor,ceiling,chair,room,desk,coffee table,kitchen & dining room table,design,AD7C1E,Brown,Brown
ceiling,furniture,indoor,table,curtain,chair,couch,bed,cabinetry,coffee table,AF1C42,Brown,Brown
outdoor,building,text,billboard,sign,road,restaurant,shop,street,store,6E2C24,White,White
indoor,table,chair,door,house,interior,vase,hotel,coffee table,kitchen & dining room table,331B07,Brown,Brown
indoor,ceiling,floor,table,wall,desk,coffee table,cabinetry,kitchen & dining room table,chair,9C872F,Black,Black
indoor,floor,clothing,person,footwear,text,ceiling,woman,furniture,man,714119,Black,Black
furniture,chair,indoor,kitchen & dining room table,text,floor,coffee table,desk,cabinetry,cafe,9C702F,Grey,Black
table,chair,indoor,floor,wooden,window,coffee table,kitchen & dining room table,room,dining,6A3C1C,Black,Black
indoor,floor,ceiling,kitchen,design,table,restaurant,interior,coffee table,houseplant,4C611E,Black,Black
furniture,floor,indoor,table,shelf,chair,cabinetry,room,coffee table,couch,AE5118,Brown,Black
fast food,baked goods,food,snack,dessert,different,menu,sandwich,cuisine,meal,C18E0A,Brown,White
design,interior,indoor,vase,coffee table,couch,house,modern,table,houseplant,214666,Grey,Grey
indoor,floor,table,chair,desk,ceiling,kitchen & dining room table,room,coffee table,scene,A53F26,Black,Brown
table,furniture,floor,indoor,restaurant,kitchen & dining room table,bottle,bar,chair,countertop,B58F16,Brown,Brown
table,indoor,floor,kitchen & dining room table,coffee table,chair,ceiling,bar,restaurant,room,B78014,Brown,Brown
floor,indoor,furniture,wall,table,cabinetry,mirror,chair,building,door,AE691D,Brown,Brown
furniture,table,wall,chair,design,coffee table,indoor,kitchen & dining room table,interior,window,B07B1B,Brown,Brown
ceiling,indoor,table,chair,wall,floor,kitchen & dining room table,room,desk,coffee table,9F6C2C,Brown,Brown
table,chair,floor,indoor,wall,kitchen & dining room table,window,coffee table,room,desk,BC950F,Brown,Brown
indoor,table,cabinetry,ceiling,countertop,kitchen & dining room table,interior,home,window,kitchen,A04D2B,Brown,Brown
furniture,table,cabinetry,kitchen & dining room table,countertop,chair,bottle,building,shelf,coffee table,BAA811,Brown,Black
floor,indoor,table,chair,kitchen & dining room table,wall,coffee table,room,desk,interior,6B4324,Brown,Grey
table,restaurant,furniture,indoor,floor,chair,cafe,building,kitchen & dining room table,desk,C0830B,Brown,Black
restaurant,table,floor,indoor,bar,food,kitchen & dining room table,cafe,ceiling,dining,9F7B2C,Black,Black
indoor,ceiling,wall,furniture,table,desk,chair,computer,whiteboard,office building,9B6A30,Black,Black
kitchen,furniture,indoor,ceiling,floor,wooden,chair,kitchen & dining room table,desk,coffee table,BA8811,Black,Brown
indoor,floor,table,wall,ceiling,furniture,cafe,text,menu,food,B97F12,Brown,Black
ceiling,person,indoor,clothing,man,standing,woman,furniture,table,people,BA7A11,Brown,Brown
floor,table,indoor,kitchen & dining room table,wall,coffee table,window,chair,desk,cabinetry,713710,Brown,Brown
dessert,food,plate,fast food,baked goods,indoor,platter,tableware,breakfast,culinary art,B74414,White,White
furniture,indoor,floor,table,wall,chair,desk,text,kitchen & dining room table,coffee table,996232,White,Black
indoor,floor,table,chair,wall,kitchen & dining room table,ceiling,wooden,room,desk,6C351D,Brown,Brown
indoor,table,ceiling,floor,window,chair,kitchen & dining room table,coffee table,room,desk,496682,Black,Black
floor,indoor,table,chair,kitchen & dining room table,coffee table,desk,room,wooden,cabinetry,6C4824,Grey,Brown
seafood,food,vegetable,salmon,fast food,fish slice,sushi,garnish,shrimp,carrot,BC360F,Orange,Orange
floor,indoor,table,chair,kitchen & dining room table,coffee table,restaurant,ceiling,design,dining,BA7E11,Brown,Brown
seafood,food,table,tableware,plate,platter,dinner,indoor,fast food,dish,B44817,Brown,Brown
furniture,table,chair,kitchen & dining room table,coffee table,text,restaurant,desk,interior,building,8C653F,Brown,Grey
table,furniture,chair,kitchen & dining room table,floor,menu,indoor,fast food,bar,text,BD910E,Brown,Brown
floor,indoor,text,furniture,table,chair,restaurant,ceiling,kitchen & dining room table,bar,B63715,Brown,Brown
person,fast food,table,sitting,food,dinner,indoor,group,text,people,967735,Black,Brown
building,text,outdoor,bicycle,street,person,market,billboard,city,clothing,2471A7,Black,Black
indoor,table,floor,wall,kitchen & dining room table,chair,restaurant,room,ceiling,house,763C09,Yellow,Yellow
indoor,ceiling,table,furniture,floor,wall,chair,person,clothing,room,B27719,Black,White
table,text,indoor,food,fast food,plate,furniture,menu,bar,kitchen & dining room table,B97D12,Black,Brown
text,person,clothing,menu,restaurant,fast food,shop,man,scene,people,BE1A0D,Black,Black
floor,table,indoor,fast food,kitchen & dining room table,chair,food,room,cafe,person,B21D19,Brown,White
person,clothing,food,indoor,table,woman,man,people,group,scene,9B7230,Black,White
person,table,food,fast food,ceiling,people,scene,group,indoor,clothing,AA212E,Grey,Brown
person,table,indoor,clothing,furniture,food,drink,bottle,chair,woman,B11B1A,Black,Black
fast food,food,floor,person,clothing,indoor,market,menu,text,man,836A48,Grey,Grey
person,clothing,man,woman,indoor,ceiling,people,group,event,food,9F6B2C,Black,Black
furniture,table,text,indoor,chair,floor,restaurant,kitchen & dining room table,desk,coffee table,683623,Black,Black
furniture,table,indoor,floor,chair,restaurant,text,kitchen & dining room table,menu,bar,AA8421,Grey,White
floor,table,indoor,chair,ceiling,kitchen & dining room table,room,text,function hall,coffee table,B97A12,Red,Brown
indoor,floor,table,ceiling,chair,room,person,fast food,clothing,text,B82213,Grey,Grey
person,indoor,table,food,ceiling,fast food,clothing,bottle,group,people,A65325,Grey,Brown
table,floor,kitchen & dining room table,chair,indoor,text,coffee table,cafe,menu,room,AF8A1C,Brown,Brown
table,floor,indoor,restaurant,kitchen & dining room table,chair,living,window,room,coffee table,B9400F,Black,Brown
indoor,furniture,table,ceiling,clothing,chair,person,floor,text,fast food,9B6A30,Grey,Grey
furniture,table,indoor,chair,text,floor,kitchen & dining room table,ceiling,coffee table,desk,C0A90B,Grey,Black
table,ceiling,fast food,person,clothing,food,indoor,text,furniture,scene,9E632D,White,Brown
ceiling,indoor,person,table,fast food,clothing,text,food,man,furniture,AE221D,Black,Brown
person,table,clothing,indoor,food,fast food,woman,group,smile,man,A63025,Black,Black
table,furniture,text,fast food,floor,indoor,chair,menu,kitchen & dining room table,cafe,996A32,Brown,Black
person,indoor,table,clothing,computer,whiteboard,furniture,chair,laptop,ceiling,344361,White,White
floor,furniture,chair,indoor,kitchen & dining room table,menu,ceiling,room,person,text,AA8321,Brown,Brown
text,person,clothing,fast food,table,people,man,scene,menu,food,A78524,White,Grey
furniture,table,chair,floor,text,indoor,bar,kitchen & dining room table,restaurant,coffee table,A56A26,Brown,Brown
indoor,furniture,ceiling,table,interior,kitchen & dining room table,chair,shelf,desk,room,694029,Grey,White
table,indoor,floor,chair,desk,kitchen & dining room table,office building,ceiling,coffee table,text,106FBC,Grey,Grey
indoor,furniture,floor,table,text,ceiling,chair,restaurant,wooden,building,9A6331,Black,Black
person,text,indoor,table,clothing,furniture,restaurant,menu,fast food,people,835C48,Black,Black
furniture,floor,indoor,chair,table,kitchen & dining room table,coffee table,text,ceiling,restaurant,B37418,Brown,Brown
table,indoor,chair,kitchen & dining room table,ceiling,restaurant,food,room,dining,coffee table,357396,Brown,Brown
furniture,table,chair,kitchen & dining room table,indoor,floor,coffee table,restaurant,interior,cafe,367495,White,Black
indoor,furniture,floor,table,text,television,desk,chair,room,restaurant,AB7420,Brown,White
indoor,table,ceiling,text,furniture,floor,person,fast food,chair,menu,B0821C,Brown,Brown
table,furniture,floor,indoor,kitchen & dining room table,restaurant,chair,text,coffee table,cafe,B98C12,Brown,Brown
text,person,clothing,furniture,chair,indoor,man,scene,table,menu,AE361D,Brown,Brown
indoor,wall,floor,table,ceiling,chair,kitchen,coffee table,kitchen & dining room table,room,694624,Black,Brown
table,chair,indoor,floor,kitchen & dining room table,ceiling,coffee table,room,cafe,dining,B39218,Brown,Brown
floor,indoor,furniture,table,chair,kitchen & dining room table,clothing,person,fast food,cafe,BB3110,Brown,White
indoor,window,hotel,house,table,chair,building,luxury,design,kitchen & dining room table,6C4124,White,White
indoor,ceiling,kitchen,furniture,floor,desk,person,counter,text,clothing,C48E07,Brown,Brown
table,ceiling,indoor,chair,hotel,desk,office,design,office building,building,C7AA04,Brown,Brown
indoor,room,table,living,floor,wall,coffee table,kitchen & dining room table,restaurant,couch,BA8811,Brown,Brown
floor,wall,indoor,table,room,living,chair,coffee table,vase,kitchen & dining room table,A67325,Brown,Brown
table,indoor,kitchen & dining room table,floor,chair,coffee table,room,ceiling,vase,living,3C1D10,Brown,Brown
table,chair,indoor,floor,kitchen & dining room table,coffee table,house,restaurant,hotel,ceiling,796146,Grey,Grey
table,furniture,indoor,chair,restaurant,kitchen & dining room table,coffee table,cafe,food,ceiling,8B6740,Black,Black
furniture,table,chair,indoor,kitchen & dining room table,interior,coffee table,house,cabinetry,mirror,986033,Brown,Grey
floor,table,indoor,kitchen & dining room table,chair,ceiling,coffee table,design,hotel,room,A86A23,Grey,Brown
table,floor,indoor,chair,kitchen & dining room table,ceiling,desk,scene,room,restaurant,B27619,Brown,Brown
floor,indoor,table,room,chair,ceiling,desk,living,library,window,976634,Grey,Grey
table,chair,indoor,kitchen & dining room table,vase,restaurant,house,coffee table,living,room,BB7810,Brown,Brown
table,fast food,indoor,food,snack,plate,pastry,dinner,restaurant,dessert,B28919,Brown,Brown
table,furniture,chair,text,coffee table,restaurant,building,kitchen & dining room table,vase,bottle,6E3B10,Brown,Black
indoor,table,ceiling,floor,restaurant,desk,kitchen & dining room table,chair,cafe,coffee table,955A36,Brown,Brown
indoor,table,furniture,chair,ceiling,floor,kitchen & dining room table,room,building,coffee table,9B6230,Brown,Brown
table,tableware,vase,plate,wine glass,flower,tablecloth,furniture,kitchen & dining room table,centrepiece,271308,Brown,White
table,fast food,food,restaurant,vegetable,ceiling,person,dinner,cafe,clothing,41671B,Brown,Brown
indoor,ceiling,furniture,table,floor,chair,cafe,kitchen & dining room table,window,desk,C28609,White,Brown
table,floor,indoor,chair,hotel,kitchen & dining room table,room,ceiling,coffee table,dining,BF910C,Brown,Brown
table,indoor,chair,floor,wall,kitchen & dining room table,coffee table,desk,ceiling,room,AB6C20,Brown,Brown
furniture,chair,floor,table,kitchen & dining room table,indoor,ceiling,cafe,coffee table,bar,A27029,Brown,Brown
indoor,floor,ceiling,table,kitchen & dining room table,room,hotel,chair,coffee table,restaurant,B32B18,White,Brown
ceiling,indoor,table,person,floor,clothing,woman,furniture,people,dinner,996D32,Brown,Black
table,outdoor,furniture,chair,kitchen & dining room table,hotel,building,coffee table,tablecloth,vase,B36E18,Brown,Brown
table,ceiling,indoor,furniture,chair,kitchen & dining room table,tableware,dinner,vase,function hall,C17D0A,Brown,Brown
food,fast food,table,kitchen,plate,indoor,fruit,menu,counter,snack,A99B22,White,White
indoor,table,wall,chair,floor,kitchen & dining room table,restaurant,coffee table,room,hotel,8F743C,Grey,Black
indoor,ceiling,table,wall,furniture,chair,kitchen & dining room table,bottle,tableware,menu,C28F09,Brown,Brown
indoor,wall,furniture,text,bottle,vase,person,shelf,window,restaurant,BD7F0E,Black,Brown
table,food,plate,indoor,wall,tableware,fast food,dinner,platter,counter,A48327,Brown,White
indoor,floor,table,chair,ceiling,restaurant,room,person,green,text,955D36,Brown,Black
ceiling,indoor,floor,table,restaurant,cabinetry,countertop,interior,kitchen & dining room table,desk,9A7431,Brown,Black
floor,indoor,ceiling,table,desk,chair,shelf,coffee table,kitchen & dining room table,room,906C3B,Brown,Brown
ceiling,indoor,table,chair,window,desk,office building,hotel,kitchen & dining room table,vase,B49C17,Brown,Brown
indoor,floor,ceiling,table,room,chair,wall,living,hotel,coffee table,301808,Brown,Brown
indoor,table,living,chair,window,design,room,hotel,ceiling,interior,059EC6,Black,Black
indoor,floor,table,kitchen & dining room table,wall,ceiling,text,desk,interior,restaurant,6E4120,Brown,White
table,vase,furniture,indoor,tableware,kitchen & dining room table,flower,chair,text,tablecloth,A06A2B,Brown,Brown
indoor,table,floor,room,kitchen & dining room table,chair,coffee table,design,building,interior,231912,Black,Black
table,restaurant,indoor,tableware,furniture,window,bottle,vase,wine glass,drink,A66E25,Brown,White
table,indoor,floor,ceiling,kitchen & dining room table,text,chair,cafe,coffee table,room,C38A08,Brown,Brown
wall,table,indoor,furniture,bottle,food,drink,red,restaurant,chair,C48307,Brown,Brown
indoor,table,ceiling,wall,chair,furniture,dinner,kitchen & dining room table,person,food,BA8411,Brown,Brown
ceiling,indoor,floor,wall,shelf,bottle,text,kitchen & dining room table,store,cabinetry,B9A112,Yellow,Brown
indoor,ceiling,flower,vase,floor,living,houseplant,table,interior design,plant,C28E09,Brown,Brown
wall,table,indoor,vase,furniture,tableware,candle,kitchen & dining room table,chair,coffee table,B56A16,Black,Brown
plate,fast food,food,table,snack,person,different,menu,text,baked goods,A98A22,White,Black
indoor,floor,table,chair,room,kitchen & dining room table,ceiling,text,living,cafe,C38E08,Brown,White
indoor,ceiling,table,floor,kitchen & dining room table,chair,coffee table,cafe,interior,desk,A36328,Grey,Brown
table,food,fast food,indoor,ceiling,cafe,furniture,dining,kitchen & dining room table,tableware,B48F17,White,Brown
table,tableware,furniture,vase,tablecloth,window,wedding,kitchen & dining room table,chair,coffee table,90643C,White,White
vase,table,tableware,indoor,flower,furniture,coffee table,food,flowerpot,bottle,C08F0B,Black,Black
ceiling,indoor,restaurant,table,furniture,floor,chair,kitchen & dining room table,green,cafe,A26129,Brown,Black
floor,indoor,furniture,table,ceiling,chair,room,kitchen & dining room table,restaurant,hotel,B79714,Brown,Yellow
table,furniture,indoor,vase,chair,coffee table,curtain,floor,kitchen & dining room table,house,38180B,Brown,Brown
tableware,table,wine glass,indoor,wine,stemware,dinner,drink,champagne stemware,candle,A82328,Brown,Brown
floor,indoor,ceiling,table,room,wall,desk,chair,library,window,76411A,Brown,Brown
table,indoor,chair,living,room,kitchen & dining room table,vase,coffee table,restaurant,bar,AE781D,Black,White
indoor,ceiling,fast food,food,person,clothing,menu,people,cafe,text,654724,Brown,White
wine glass,table,tableware,wine,glasses,indoor,stemware,drink,champagne stemware,person,634B34,Black,White
